<?xml version="1.0" encoding="UTF-8"?>
<sh:StandardBusinessDocument xsi:schemaLocation="http://www.unece.org/cefact/namespaces/StandardBusinessDocumentHeader PackageProxy.xsd" xmlns:sh="http://www.unece.org/cefact/namespaces/StandardBusinessDocumentHeader" xmlns:ef="http://www.efatura.gov.tr/package-namespace" xmlns:xsi="http://www.w3.org/2001/XMLSchema-instance">
	<sh:StandardBusinessDocumentHeader>
		<sh:HeaderVersion>1.2</sh:HeaderVersion>
		<sh:Sender>
			<sh:Identifier>GIB</sh:Identifier>
			<sh:ContactInformation>
				<sh:Contact>Gelir İdaresi Başkanlığı</sh:Contact>
				<sh:ContactTypeIdentifier>UNVAN</sh:ContactTypeIdentifier>
			</sh:ContactInformation>
			<sh:ContactInformation>
				<sh:Contact>3900383669</sh:Contact>
				<sh:ContactTypeIdentifier>VKN_TCKN</sh:ContactTypeIdentifier>
			</sh:ContactInformation>
		</sh:Sender>
		<sh:Receiver>
			<sh:Identifier>urn:mail:defaultgb@fitcons.com</sh:Identifier>
			<sh:ContactInformation>
				<sh:Contact>FİT DANIŞMANLIK VE TEKNOLOJİ BİLİŞİM HİZMETLERİ ANONİM ŞİRKETİ GÖNDERİCİ BİRİMİ</sh:Contact>
				<sh:ContactTypeIdentifier>UNVAN</sh:ContactTypeIdentifier>
			</sh:ContactInformation>
			<sh:ContactInformation>
				<sh:Contact>3880718497</sh:Contact>
				<sh:ContactTypeIdentifier>VKN_TCKN</sh:ContactTypeIdentifier>
			</sh:ContactInformation>
		</sh:Receiver>
		<sh:DocumentIdentification>
			<sh:Standard/>
			<sh:TypeVersion>1.0</sh:TypeVersion>
			<sh:InstanceIdentifier>3d740366-b625-4a3d-b650-6a951639a537</sh:InstanceIdentifier>
			<sh:Type>SYSTEMENVELOPE</sh:Type>
			<sh:CreationDateAndTime>2014-12-03T11:05:12</sh:CreationDateAndTime>
		</sh:DocumentIdentification>
	</sh:StandardBusinessDocumentHeader>
	<ef:Package>
		<Elements>
			<ElementType>APPLICATIONRESPONSE</ElementType>
			<ElementCount>1</ElementCount>
			<ElementList>
				<ApplicationResponse xmlns="urn:oasis:names:specification:ubl:schema:xsd:ApplicationResponse-2" xmlns:cac="urn:oasis:names:specification:ubl:schema:xsd:CommonAggregateComponents-2" xmlns:cbc="urn:oasis:names:specification:ubl:schema:xsd:CommonBasicComponents-2" xmlns:xsi="http://www.w3.org/2001/XMLSchema-instance" xsi:schemaLocation="urn:oasis:names:specification:ubl:schema:xsd:ApplicationResponse-2 ../xsd/maindoc/UBLTR-ApplicationResponse-2.0.xsd">
					<cbc:UBLVersionID>2.0</cbc:UBLVersionID>
					<cbc:CustomizationID>TR1.0</cbc:CustomizationID>
					<cbc:ProfileID>UBL-TR-PROFILE-1</cbc:ProfileID>
					<cbc:ID>2ad13a7e-2fa6-480f-a872-d950c5000f7d</cbc:ID>
					<cbc:UUID>b338956f-3a1f-4d7d-bc79-1cb093cd6cc0</cbc:UUID>
					<cbc:IssueDate>2014-12-03</cbc:IssueDate>
					<cbc:IssueTime>11:05:12</cbc:IssueTime>
					<cac:SenderParty>
						<cac:PartyIdentification>
							<cbc:ID schemeID="VKN">3900383669</cbc:ID>
						</cac:PartyIdentification>
						<cac:PartyName>
							<cbc:Name>Gelir İdaresi Başkanlığı</cbc:Name>
						</cac:PartyName>
						<cac:PostalAddress>
							<cbc:CitySubdivisionName/>
							<cbc:CityName/>
							<cac:Country>
								<cbc:Name/>
							</cac:Country>
						</cac:PostalAddress>
					</cac:SenderParty>
					<cac:ReceiverParty>
						<cac:PartyIdentification>
							<cbc:ID schemeID="VKN">3880718497</cbc:ID>
						</cac:PartyIdentification>
						<cac:PartyName>
							<cbc:Name>FİT DANIŞMANLIK VE TEKNOLOJİ BİLİŞİM HİZMETLERİ ANONİM ŞİRKETİ GÖNDERİCİ BİRİMİ</cbc:Name>
						</cac:PartyName>
						<cac:PostalAddress>
							<cbc:CitySubdivisionName/>
							<cbc:CityName/>
							<cac:Country>
								<cbc:Name/>
							</cac:Country>
						</cac:PostalAddress>
					</cac:ReceiverParty>
					<cac:DocumentResponse>
						<cac:Response>
							<cbc:ReferenceID>f08acec7-f57d-4d67-948c-a78c70395328</cbc:ReferenceID>
							<cbc:ResponseCode>S_APR</cbc:ResponseCode>
							<cbc:Description>APPLICATIONRESPONSE</cbc:Description>
						</cac:Response>
						<cac:DocumentReference>
							<cbc:ID>3ac79051-ce29-4037-95b9-b6e107dfa232</cbc:ID>         	<!-- Inbound Envelope UUID -->
							<cbc:IssueDate>2014-12-03</cbc:IssueDate>						<!-- Inbound Envelope Issue Date -->
							<cbc:DocumentTypeCode>SENDERENVELOPE</cbc:DocumentTypeCode>		<!-- Inbound Envelope Type -->
							<cbc:DocumentType>SENDERENVELOPE</cbc:DocumentType>				<!-- Inbound Envelope Type -->
						</cac:DocumentReference>
						<cac:LineResponse>
							<cac:LineReference>
								<cbc:LineID>0</cbc:LineID>
								<cac:DocumentReference>
									<cbc:ID>3ac79051-ce29-4037-95b9-b6e107dfa232</cbc:ID>
									<cbc:IssueDate>2014-12-03</cbc:IssueDate>
								</cac:DocumentReference>
							</cac:LineReference>
							<cac:Response>
								<cbc:ReferenceID>46650575-2122-4067-a7a3-44aaa46da2fc</cbc:ReferenceID>
								<cbc:ResponseCode>1200</cbc:ResponseCode>
								<cbc:Description>BASARI ILE ISLENDI</cbc:Description>
							</cac:Response>
						</cac:LineResponse>
					</cac:DocumentResponse>
				</ApplicationResponse>
			</ElementList>
		</Elements>
	</ef:Package>
</sh:StandardBusinessDocument>
