<?xml version="1.0" encoding="UTF-8"?>
<sh:StandardBusinessDocument xsi:schemaLocation="http://www.unece.org/cefact/namespaces/StandardBusinessDocumentHeader PackageProxy_1_2.xsd" xmlns:sh="http://www.unece.org/cefact/namespaces/StandardBusinessDocumentHeader" xmlns:ef="http://www.efatura.gov.tr/package-namespace" xmlns:xsi="http://www.w3.org/2001/XMLSchema-instance">
 <sh:StandardBusinessDocumentHeader>
  <sh:HeaderVersion>1.0</sh:HeaderVersion>
  <sh:Sender>
   <sh:Identifier>GIB</sh:Identifier>
   <sh:ContactInformation>
    <sh:Contact>Gelir İdaresi Başkanlığı</sh:Contact>
    <sh:ContactTypeIdentifier>UNVAN</sh:ContactTypeIdentifier>
   </sh:ContactInformation>
   <sh:ContactInformation>
    <sh:Contact>3900383669</sh:Contact>
    <sh:ContactTypeIdentifier>VKN_TCKN</sh:ContactTypeIdentifier>
   </sh:ContactInformation>
  </sh:Sender>
  <sh:Receiver>
   <sh:Identifier>urn:mail:defaultpk@dafyazilim.com</sh:Identifier>
   <sh:ContactInformation>
    <sh:Contact>DAF YAZILIM BİLİŞİM ANONİM ŞİRKETİ Posta Kutusu Birimi</sh:Contact>
    <sh:ContactTypeIdentifier>UNVAN</sh:ContactTypeIdentifier>
   </sh:ContactInformation>
   <sh:ContactInformation>
    <sh:Contact>2651343141</sh:Contact>
    <sh:ContactTypeIdentifier>VKN_TCKN</sh:ContactTypeIdentifier>
   </sh:ContactInformation>
  </sh:Receiver>
  <sh:DocumentIdentification>
   <sh:Standard/>
   <sh:TypeVersion>1.2</sh:TypeVersion>
   <sh:InstanceIdentifier>4b289c44-4dd2-45b3-a0e5-d0e76f36750d</sh:InstanceIdentifier>
   <sh:Type>SENDERENVELOPE</sh:Type>
   <sh:CreationDateAndTime>2020-01-03T14:04:04</sh:CreationDateAndTime>
  </sh:DocumentIdentification>
 </sh:StandardBusinessDocumentHeader>
 <ef:Package>
  <Elements>
   <ElementType>INVOICE</ElementType>
   <ElementCount>1</ElementCount>
   <ElementList>
<Invoice
 xmlns:cac="urn:oasis:names:specification:ubl:schema:xsd:CommonAggregateComponents-2"
 xmlns:cbc="urn:oasis:names:specification:ubl:schema:xsd:CommonBasicComponents-2"
 xmlns:udt="urn:un:unece:uncefact:data:specification:UnqualifiedDataTypesSchemaModule:2"
 xmlns:ccts="urn:un:unece:uncefact:documentation:2"
 xmlns:ext="urn:oasis:names:specification:ubl:schema:xsd:CommonExtensionComponents-2"
 xmlns:qdt="urn:oasis:names:specification:ubl:schema:xsd:QualifiedDatatypes-2"
 xmlns:ubltr="urn:oasis:names:specification:ubl:schema:xsd:TurkishCustomizationExtensionComponents"
 xmlns:ds="http://www.w3.org/2000/09/xmldsig#"
 xmlns:xades="http://uri.etsi.org/01903/v1.3.2#"
 xmlns="urn:oasis:names:specification:ubl:schema:xsd:Invoice-2">
</Invoice>   </ElementList>
  </Elements>
 </ef:Package>
</sh:StandardBusinessDocument>