<?xml version="1.0" encoding="UTF-8"?>
<sh:StandardBusinessDocument xsi:schemaLocation="http://www.unece.org/cefact/namespaces/StandardBusinessDocumentHeader PackageProxy_1_2.xsd" xmlns:sh="http://www.unece.org/cefact/namespaces/StandardBusinessDocumentHeader" xmlns:ef="http://www.efatura.gov.tr/package-namespace" xmlns:xsi="http://www.w3.org/2001/XMLSchema-instance">
 <sh:StandardBusinessDocumentHeader>
  <sh:HeaderVersion>1.0</sh:HeaderVersion>
  <sh:Sender>
   <sh:Identifier>GIB</sh:Identifier>
   <sh:ContactInformation>
    <sh:Contact>Gelir İdaresi Başkanlığı</sh:Contact>
    <sh:ContactTypeIdentifier>UNVAN</sh:ContactTypeIdentifier>
   </sh:ContactInformation>
   <sh:ContactInformation>
    <sh:Contact>3900383669</sh:Contact>
    <sh:ContactTypeIdentifier>VKN_TCKN</sh:ContactTypeIdentifier>
   </sh:ContactInformation>
  </sh:Sender>
  <sh:Receiver>
   <sh:Identifier>urn:mail:defaultgb@dafyazilim.com</sh:Identifier>
   <sh:ContactInformation>
    <sh:Contact>DAF YAZILIM BİLİŞİM ANONİM ŞİRKETİ Gönderici Birimi</sh:Contact>
    <sh:ContactTypeIdentifier>UNVAN</sh:ContactTypeIdentifier>
   </sh:ContactInformation>
   <sh:ContactInformation>
    <sh:Contact>2651343141</sh:Contact>
    <sh:ContactTypeIdentifier>VKN_TCKN</sh:ContactTypeIdentifier>
   </sh:ContactInformation>
  </sh:Receiver>
  <sh:DocumentIdentification>
   <sh:Standard/>
   <sh:TypeVersion>1.2</sh:TypeVersion>
   <sh:InstanceIdentifier>6295cdbd-b867-4d01-93d0-ea8dcaed98c1</sh:InstanceIdentifier>
   <sh:Type>SYSTEMENVELOPE</sh:Type>
   <sh:CreationDateAndTime>2020-01-14T14:05:07</sh:CreationDateAndTime>
  </sh:DocumentIdentification>
 </sh:StandardBusinessDocumentHeader>
 <ef:Package>
  <Elements>
   <ElementType>APPLICATIONRESPONSE</ElementType>
   <ElementCount>1</ElementCount>
   <ElementList>
<ApplicationResponse
 xmlns="urn:oasis:names:specification:ubl:schema:xsd:ApplicationResponse-2"
 xmlns:cac="urn:oasis:names:specification:ubl:schema:xsd:CommonAggregateComponents-2"
 xmlns:cbc="urn:oasis:names:specification:ubl:schema:xsd:CommonBasicComponents-2"
 xmlns:xsi="http://www.w3.org/2001/XMLSchema-instance"
 xsi:schemaLocation="urn:oasis:names:specification:ubl:schema:xsd:ApplicationResponse-2 ../xsd/maindoc/UBL-ApplicationResponse-2.1.xsd">
<cbc:UBLVersionID>2.1</cbc:UBLVersionID>
<cbc:CustomizationID>TR1.2</cbc:CustomizationID>
<cbc:ProfileID>UBL-TR-PROFILE-1</cbc:ProfileID>
<cbc:ID>e389e227-8d23-4b5c-a0e1-1d6f8733f9d4</cbc:ID>
<cbc:UUID>42c3f201-53b6-4c7a-b9d2-6b21b82e574c</cbc:UUID>
<cbc:IssueDate>2020-01-14</cbc:IssueDate>
<cbc:IssueTime>14:05:07</cbc:IssueTime>
<cac:SenderParty> 
 <cac:PartyIdentification>
  <cbc:ID schemeID="VKN">3900383669</cbc:ID>
 </cac:PartyIdentification>
 <cac:PartyName><cbc:Name>Gelir İdaresi Başkanlığı</cbc:Name></cac:PartyName>
 <cac:PostalAddress>
  <cbc:CitySubdivisionName/>
  <cbc:CityName/>
  <cac:Country><cbc:Name/></cac:Country>
 </cac:PostalAddress>
</cac:SenderParty> 
<cac:ReceiverParty> 
 <cac:PartyIdentification>
  <cbc:ID schemeID="VKN">2651343141</cbc:ID>
 </cac:PartyIdentification>
 <cac:PartyName><cbc:Name>DAF YAZILIM BİLİŞİM ANONİM ŞİRKETİ Gönderici Birimi</cbc:Name></cac:PartyName>
 <cac:PostalAddress>
  <cbc:CitySubdivisionName/>
  <cbc:CityName/>
  <cac:Country><cbc:Name/></cac:Country>
 </cac:PostalAddress>
</cac:ReceiverParty>
<cac:DocumentResponse>
 <cac:Response>
  <cbc:ReferenceID>f8e9d1da-9a4a-4881-a763-a0fdc04c93b6</cbc:ReferenceID>
  <cbc:ResponseCode>S_APR</cbc:ResponseCode>
  <cbc:Description>APPLICATIONRESPONSE</cbc:Description>
 </cac:Response>
 <cac:DocumentReference>
  <cbc:ID>1b6ee71d-9750-4ef9-8a56-a6cf57a71a3b</cbc:ID>
  <cbc:IssueDate>2020-01-14</cbc:IssueDate>
  <cbc:DocumentTypeCode>SENDERENVELOPE</cbc:DocumentTypeCode>
  <cbc:DocumentType>SENDERENVELOPE</cbc:DocumentType>
 </cac:DocumentReference>
 <cac:LineResponse>
  <cac:LineReference>
   <cbc:LineID>0</cbc:LineID>
   <cac:DocumentReference>
    <cbc:ID>1b6ee71d-9750-4ef9-8a56-a6cf57a71a3b</cbc:ID>
    <cbc:IssueDate>2020-01-14</cbc:IssueDate>
   </cac:DocumentReference>
  </cac:LineReference>
  <cac:Response>
   <cbc:ReferenceID>bbf68ca9-a6ec-4542-b80d-65f1ea9fc171</cbc:ReferenceID>
   <cbc:ResponseCode>1200</cbc:ResponseCode>
   <cbc:Description>BASARI ILE ISLENDI</cbc:Description>
  </cac:Response>
 </cac:LineResponse>
</cac:DocumentResponse>
</ApplicationResponse>
   </ElementList>
  </Elements>
 </ef:Package>
</sh:StandardBusinessDocument>